maMon,tenMon,thoiGianBatDau,phongHoc,thu
IT0,Co so du lieu,12:30 - 14:00,B202,Thu 2
MATH1,Cau truc du lieu,12:30 - 15:30,C303,Thu 7
CHEM2,He dieu hanh,11:30 - 13:30,A101,Thu 5
MATH3,Tieng Anh chuyen nganh,17:00 - 19:30,C303,Thu 6
ECON4,Nhap mon lap trinh,07:30 - 09:30,D404,Thu 4
CS5,He dieu hanh,08:00 - 09:30,C303,Chu nhat
ECON6,Lap trinh C++,12:30 - 15:30,A102,Thu 3
CS7,He dieu hanh,12:30 - 15:30,B202,Thu 7
ENG8,Nhap mon lap trinh,12:00 - 14:00,Lab A1,Thu 2
BIO9,Lap trinh C++,14:30 - 17:30,B202,Thu 2
CS10,Vat ly dai cuong,13:00 - 15:30,Lab B2,Thu 7
HIST11,He dieu hanh,14:30 - 16:30,C303,Thu 4
BIO12,Nhap mon lap trinh,07:30 - 10:30,A102,Thu 4
IT13,Tri tue nhan tao,11:30 - 14:30,A101,Thu 7
CHEM14,Mang may tinh,16:30 - 19:00,Lab A1,Thu 2
ENG15,Cau truc du lieu,15:30 - 17:00,B202,Chu nhat
ENG16,Tieng Anh chuyen nganh,10:30 - 12:00,A101,Thu 6
IT17,Vat ly dai cuong,13:00 - 15:30,C303,Thu 7
CHEM18,Toan cao cap,10:00 - 11:30,Lab B2,Thu 6
IT19,Toan cao cap,11:00 - 12:30,Lab B2,Thu 4
ECON20,He dieu hanh,18:30 - 21:30,Lab A1,Thu 6
CHEM21,Cau truc du lieu,13:30 - 16:00,Lab A1,Thu 6
ECON22,Lap trinh C++,16:30 - 18:00,B202,Thu 4
CS23,He dieu hanh,18:30 - 20:00,B202,Thu 5
BIO24,He dieu hanh,16:00 - 19:00,Lab A1,Thu 7
IT25,Nhap mon lap trinh,13:30 - 16:30,B202,Thu 5
CHEM26,Lap trinh C++,18:30 - 20:00,Lab B2,Thu 3
ECON27,Mang may tinh,10:30 - 12:30,A101,Thu 2
BIO28,Mang may tinh,18:30 - 21:00,A101,Thu 3
IT29,Mang may tinh,10:00 - 12:30,Lab B2,Thu 6
IT30,Mang may tinh,13:30 - 16:30,B202,Thu 4
IT31,Nhap mon lap trinh,13:00 - 15:30,Lab A1,Thu 3
ECON32,Cau truc du lieu,13:30 - 16:00,C303,Thu 5
BIO33,Tri tue nhan tao,14:30 - 16:00,Lab A1,Thu 3
IT34,Tri tue nhan tao,18:00 - 19:30,C303,Thu 2
MATH35,Nhap mon lap trinh,15:00 - 17:30,A101,Thu 6
HIST36,Toan cao cap,12:00 - 15:00,C303,Thu 5
ECON37,Nhap mon lap trinh,09:00 - 11:30,D404,Thu 4
IT38,Toan cao cap,13:00 - 14:30,D404,Thu 7
ENG39,Vat ly dai cuong,16:00 - 17:30,A102,Thu 6
CHEM40,Nhap mon lap trinh,18:30 - 21:30,D404,Thu 4
MATH41,Vat ly dai cuong,14:30 - 16:00,A101,Chu nhat
CHEM42,Toan cao cap,10:30 - 12:00,A102,Thu 3
CS43,Vat ly dai cuong,15:00 - 17:00,A101,Chu nhat
BIO44,Mang may tinh,08:00 - 11:00,B201,Thu 5
ECON45,Tieng Anh chuyen nganh,13:30 - 16:00,A102,Thu 2
CS46,Nhap mon lap trinh,12:30 - 15:30,Lab B2,Thu 4
ECON47,Vat ly dai cuong,12:30 - 14:30,D404,Thu 4
CHEM48,Lap trinh C++,12:00 - 13:30,B201,Thu 2
ENG49,Tieng Anh chuyen nganh,13:00 - 14:30,D404,Thu 6
ENG50,Lap trinh C++,15:30 - 17:30,B201,Thu 7
ECON51,Toan cao cap,17:30 - 19:00,B202,Thu 3
CS52,Tri tue nhan tao,14:30 - 16:00,B201,Thu 6
HIST53,Tri tue nhan tao,18:00 - 19:30,B201,Thu 3
IT54,Vat ly dai cuong,07:00 - 09:00,Lab B2,Thu 2
MATH55,Cau truc du lieu,12:30 - 14:00,C303,Thu 3
PHY56,He dieu hanh,14:30 - 16:30,B201,Thu 6
CHEM57,He dieu hanh,17:30 - 20:30,C303,Thu 5
ENG58,Lap trinh C++,17:30 - 19:30,B202,Thu 5
PHY59,He dieu hanh,09:00 - 11:00,Lab A1,Thu 7
CHEM60,Vat ly dai cuong,11:30 - 14:30,D404,Thu 4
ECON61,Vat ly dai cuong,16:30 - 18:30,C303,Thu 2
MATH62,Mang may tinh,10:30 - 13:30,B201,Thu 7
ECON63,Co so du lieu,13:30 - 16:00,Lab A1,Thu 3
CHEM64,Cau truc du lieu,18:30 - 20:00,B202,Chu nhat
IT65,Tri tue nhan tao,14:30 - 16:30,D404,Thu 6
PHY66,Cau truc du lieu,11:30 - 14:30,D404,Thu 5
CHEM67,Tieng Anh chuyen nganh,07:00 - 08:30,B202,Thu 4
ENG68,Co so du lieu,13:30 - 15:30,C303,Thu 7
IT69,Cau truc du lieu,14:30 - 16:00,B201,Chu nhat
BIO70,Toan cao cap,18:00 - 20:00,A101,Thu 4
BIO71,Toan cao cap,13:30 - 15:30,Lab A1,Thu 2
ECON72,He dieu hanh,08:30 - 10:00,Lab A1,Thu 7
CHEM73,Mang may tinh,07:30 - 09:00,D404,Thu 6
CHEM74,Mang may tinh,16:00 - 18:30,Lab B2,Thu 4
ECON75,Tri tue nhan tao,10:00 - 12:00,A102,Thu 4
ECON76,Tieng Anh chuyen nganh,07:00 - 08:30,A101,Thu 7
BIO77,Nhap mon lap trinh,09:00 - 10:30,Lab B2,Thu 7
MATH78,Nhap mon lap trinh,18:30 - 20:00,C303,Thu 7
PHY79,Lap trinh C++,13:00 - 16:00,A101,Thu 2
CS80,Tri tue nhan tao,17:00 - 20:00,B201,Thu 2
ENG81,Toan cao cap,09:30 - 11:00,D404,Chu nhat
IT82,Tri tue nhan tao,13:00 - 15:00,Lab B2,Thu 6
ECON83,He dieu hanh,14:00 - 15:30,D404,Thu 3
ECON84,He dieu hanh,07:30 - 10:00,B201,Thu 3
IT85,Cau truc du lieu,11:30 - 14:00,B201,Thu 4
HIST86,Tri tue nhan tao,11:30 - 13:00,B201,Thu 4
ECON87,He dieu hanh,13:00 - 15:30,Lab A1,Thu 7
CHEM88,Toan cao cap,10:30 - 12:00,B201,Thu 4
MATH89,Cau truc du lieu,14:30 - 16:30,Lab B2,Thu 2
CS90,Tieng Anh chuyen nganh,09:30 - 12:30,Lab A1,Thu 3
ENG91,Lap trinh C++,14:30 - 16:30,Lab A1,Thu 5
HIST92,Mang may tinh,10:30 - 12:30,B201,Chu nhat
IT93,Cau truc du lieu,12:30 - 14:00,A101,Thu 6
HIST94,Mang may tinh,10:00 - 12:00,A102,Thu 4
HIST95,Mang may tinh,12:00 - 13:30,A101,Thu 5
ECON96,Nhap mon lap trinh,08:30 - 11:00,Lab B2,Thu 3
MATH97,Tieng Anh chuyen nganh,13:00 - 16:00,A101,Chu nhat
IT98,Toan cao cap,08:30 - 11:30,A101,Thu 4
HIST99,Toan cao cap,10:00 - 13:00,Lab B2,Thu 3
ENG100,Lap trinh C++,08:30 - 11:30,B202,Thu 5
HIST101,Tri tue nhan tao,11:30 - 14:00,A102,Thu 6
ENG102,Vat ly dai cuong,07:30 - 10:30,B201,Chu nhat
IT103,Vat ly dai cuong,18:30 - 21:30,B201,Thu 3
ECON104,Vat ly dai cuong,18:00 - 20:30,B201,Thu 2
CS105,Vat ly dai cuong,11:00 - 13:00,B201,Thu 7
MATH106,Tri tue nhan tao,10:00 - 13:00,B202,Chu nhat
PHY107,Tri tue nhan tao,10:00 - 11:30,A101,Chu nhat
IT108,Tri tue nhan tao,18:30 - 20:00,Lab B2,Chu nhat
BIO109,Cau truc du lieu,08:00 - 10:30,A102,Thu 2
ENG110,Vat ly dai cuong,14:00 - 15:30,D404,Chu nhat
PHY111,Nhap mon lap trinh,08:30 - 11:30,B201,Thu 7
IT112,Toan cao cap,18:00 - 20:30,A102,Thu 2
PHY113,Mang may tinh,15:30 - 18:30,B202,Thu 5
PHY114,Vat ly dai cuong,11:00 - 12:30,Lab B2,Thu 2
CHEM115,Nhap mon lap trinh,14:30 - 16:00,A101,Thu 4
MATH116,Co so du lieu,10:30 - 12:00,B201,Thu 7
BIO117,Lap trinh C++,12:30 - 14:00,B202,Thu 7
MATH118,Co so du lieu,18:30 - 20:00,B202,Thu 4
ECON119,Nhap mon lap trinh,09:00 - 11:00,D404,Thu 2
ECON120,Lap trinh C++,14:00 - 17:00,D404,Thu 7
BIO121,Toan cao cap,08:00 - 11:00,Lab B2,Thu 2
MATH122,Vat ly dai cuong,09:00 - 11:00,Lab B2,Thu 7
MATH123,Lap trinh C++,15:30 - 17:30,D404,Thu 2
BIO124,He dieu hanh,17:00 - 19:30,Lab B2,Thu 4
HIST125,Vat ly dai cuong,12:30 - 15:00,D404,Thu 3
IT126,Vat ly dai cuong,13:30 - 16:00,A102,Chu nhat
CHEM127,Vat ly dai cuong,15:00 - 17:30,A102,Thu 2
IT128,Cau truc du lieu,15:00 - 17:00,Lab B2,Thu 3
HIST129,Cau truc du lieu,13:30 - 16:30,A102,Thu 5
CHEM130,Tieng Anh chuyen nganh,08:30 - 11:30,B202,Thu 7
IT131,Nhap mon lap trinh,17:30 - 20:00,Lab A1,Thu 4
BIO132,Nhap mon lap trinh,07:30 - 10:30,A102,Thu 2
IT133,Lap trinh C++,07:00 - 09:30,Lab B2,Thu 6
CS134,Toan cao cap,14:30 - 16:00,A101,Chu nhat
IT135,Mang may tinh,07:30 - 10:00,D404,Thu 2
CHEM136,Nhap mon lap trinh,09:00 - 11:30,Lab B2,Thu 7
CHEM137,Vat ly dai cuong,09:00 - 11:00,A102,Thu 5
BIO138,Toan cao cap,10:00 - 12:00,B202,Thu 4
PHY139,Vat ly dai cuong,14:00 - 17:00,Lab A1,Chu nhat
HIST140,Tri tue nhan tao,12:00 - 13:30,Lab B2,Thu 7
CS141,Cau truc du lieu,15:00 - 17:00,B202,Chu nhat
MATH142,Tieng Anh chuyen nganh,16:30 - 19:00,A102,Thu 3
MATH143,Co so du lieu,12:30 - 15:00,D404,Thu 2
IT144,Tri tue nhan tao,07:30 - 10:00,Lab B2,Chu nhat
IT145,Nhap mon lap trinh,14:00 - 16:00,Lab B2,Thu 5
CS146,Tri tue nhan tao,08:00 - 10:00,D404,Thu 4
IT147,Toan cao cap,18:30 - 21:30,D404,Thu 6
ENG148,Toan cao cap,16:30 - 18:30,A102,Thu 6
CHEM149,Mang may tinh,13:00 - 15:30,B201,Thu 3
CS150,Cau truc du lieu,14:30 - 17:30,Lab A1,Thu 2
BIO151,Tieng Anh chuyen nganh,12:30 - 14:00,C303,Thu 6
HIST152,Lap trinh C++,15:30 - 17:30,B201,Thu 4
CS153,Vat ly dai cuong,17:30 - 20:00,Lab A1,Thu 6
PHY154,Tieng Anh chuyen nganh,07:30 - 09:30,A102,Thu 2
PHY155,Vat ly dai cuong,10:30 - 12:30,B201,Thu 2
IT156,He dieu hanh,14:00 - 17:00,Lab A1,Thu 3
IT157,Tieng Anh chuyen nganh,16:30 - 18:30,D404,Thu 4
BIO158,He dieu hanh,15:00 - 17:30,Lab B2,Thu 4
CS159,Cau truc du lieu,12:00 - 13:30,D404,Thu 6
HIST160,Nhap mon lap trinh,12:30 - 14:30,A102,Thu 2
ENG161,Toan cao cap,17:00 - 19:30,A102,Thu 2
IT162,He dieu hanh,09:00 - 12:00,D404,Thu 3
IT163,Mang may tinh,11:30 - 13:00,D404,Thu 3
ECON164,Tieng Anh chuyen nganh,16:00 - 18:00,C303,Chu nhat
BIO165,Vat ly dai cuong,11:30 - 14:30,A101,Thu 3
MATH166,Tri tue nhan tao,10:00 - 11:30,Lab B2,Thu 5
ECON167,He dieu hanh,07:00 - 09:00,A101,Thu 3
ECON168,Co so du lieu,11:30 - 14:30,Lab A1,Thu 2
ENG169,He dieu hanh,14:00 - 17:00,D404,Thu 6
MATH170,Cau truc du lieu,17:30 - 19:00,B201,Thu 4
ECON171,Tri tue nhan tao,12:00 - 14:30,A101,Chu nhat
CS172,Tieng Anh chuyen nganh,07:30 - 10:30,Lab B2,Thu 7
MATH173,Nhap mon lap trinh,13:00 - 14:30,A101,Thu 5
ENG174,Co so du lieu,10:00 - 12:00,B201,Thu 3
ENG175,Lap trinh C++,15:30 - 18:30,A102,Thu 3
PHY176,He dieu hanh,16:30 - 19:00,A101,Thu 4
IT177,Vat ly dai cuong,12:30 - 15:30,Lab B2,Chu nhat
ECON178,Mang may tinh,15:00 - 18:00,A102,Thu 3
BIO179,Cau truc du lieu,07:00 - 09:00,B201,Chu nhat
MATH180,Cau truc du lieu,07:30 - 10:30,B201,Thu 6
PHY181,Nhap mon lap trinh,08:00 - 09:30,B202,Chu nhat
ENG182,Lap trinh C++,16:30 - 19:30,A101,Thu 6
ECON183,Tri tue nhan tao,07:30 - 10:00,D404,Thu 5
BIO184,Lap trinh C++,13:30 - 16:30,C303,Chu nhat
IT185,Nhap mon lap trinh,13:30 - 15:00,A102,Thu 7
BIO186,Tri tue nhan tao,12:00 - 15:00,Lab B2,Thu 7
PHY187,Tieng Anh chuyen nganh,18:30 - 20:30,Lab B2,Chu nhat
CS188,Tri tue nhan tao,11:00 - 13:30,A102,Thu 5
CS189,Tri tue nhan tao,14:30 - 17:30,Lab A1,Thu 7
HIST190,Nhap mon lap trinh,13:00 - 15:30,B201,Thu 7
IT191,Lap trinh C++,08:00 - 10:00,C303,Thu 4
CHEM192,Nhap mon lap trinh,15:30 - 17:00,B201,Thu 5
IT193,He dieu hanh,11:30 - 14:00,Lab B2,Thu 6
MATH194,Tieng Anh chuyen nganh,16:30 - 18:00,Lab B2,Chu nhat
BIO195,Co so du lieu,09:30 - 11:30,A102,Thu 5
IT196,Vat ly dai cuong,15:00 - 16:30,A102,Thu 6
CS197,Lap trinh C++,12:30 - 14:30,B201,Chu nhat
ENG198,Cau truc du lieu,08:00 - 10:30,A101,Chu nhat
BIO199,Nhap mon lap trinh,10:30 - 13:30,B202,Chu nhat
CHEM200,Co so du lieu,18:30 - 21:30,A101,Thu 3
BIO201,He dieu hanh,10:30 - 13:30,A101,Thu 7
ECON202,Tri tue nhan tao,14:30 - 17:00,Lab B2,Thu 4
ECON203,Cau truc du lieu,11:00 - 13:30,B201,Thu 3
CS204,Nhap mon lap trinh,15:00 - 18:00,D404,Thu 7
CS205,Tri tue nhan tao,12:00 - 13:30,C303,Thu 6
CHEM206,Mang may tinh,12:30 - 15:00,A102,Chu nhat
PHY207,He dieu hanh,12:30 - 14:00,Lab B2,Thu 5
ECON208,Tieng Anh chuyen nganh,17:00 - 20:00,D404,Chu nhat
IT209,Co so du lieu,16:00 - 18:00,Lab A1,Thu 2
MATH210,Co so du lieu,16:00 - 18:30,D404,Thu 6
CS211,Mang may tinh,17:30 - 19:30,Lab B2,Thu 2
ECON212,Nhap mon lap trinh,09:30 - 11:00,B201,Thu 4
PHY213,Mang may tinh,11:00 - 12:30,A101,Thu 5
ENG214,Cau truc du lieu,16:00 - 18:30,Lab A1,Thu 2
BIO215,Toan cao cap,15:00 - 18:00,C303,Chu nhat
MATH216,Mang may tinh,11:30 - 14:00,Lab B2,Thu 2
PHY217,Mang may tinh,09:00 - 10:30,B201,Thu 7
PHY218,Tieng Anh chuyen nganh,09:30 - 12:30,A101,Thu 6
HIST219,Nhap mon lap trinh,09:30 - 12:00,Lab A1,Chu nhat
BIO220,Tieng Anh chuyen nganh,08:00 - 09:30,A101,Chu nhat
ENG221,Cau truc du lieu,08:00 - 11:00,D404,Thu 4
IT222,Vat ly dai cuong,09:00 - 12:00,C303,Thu 7
PHY223,Nhap mon lap trinh,13:30 - 15:00,B201,Thu 7
CS224,Nhap mon lap trinh,08:30 - 10:30,A102,Thu 3
HIST225,Vat ly dai cuong,17:30 - 19:00,A102,Thu 5
ECON226,Tieng Anh chuyen nganh,15:30 - 18:30,Lab A1,Thu 6
BIO227,Tieng Anh chuyen nganh,16:30 - 18:30,B201,Thu 5
PHY228,Cau truc du lieu,12:00 - 14:00,Lab B2,Chu nhat
CS229,Tri tue nhan tao,18:00 - 19:30,B201,Thu 3
BIO230,He dieu hanh,12:30 - 14:30,A101,Thu 4
MATH231,Vat ly dai cuong,15:30 - 18:00,A101,Thu 3
MATH232,He dieu hanh,10:30 - 13:00,B201,Thu 4
IT233,Co so du lieu,08:30 - 10:30,A101,Thu 2
CS234,Mang may tinh,15:30 - 18:30,Lab A1,Thu 4
HIST235,Vat ly dai cuong,18:00 - 20:30,A102,Thu 7
MATH236,Lap trinh C++,14:30 - 16:30,A102,Thu 2
CS237,Tieng Anh chuyen nganh,12:30 - 14:30,A101,Thu 2
CS238,Co so du lieu,08:30 - 10:30,B202,Thu 3
CHEM239,Tri tue nhan tao,11:30 - 13:00,Lab A1,Thu 6
PHY240,Mang may tinh,15:00 - 17:30,A102,Thu 6
CHEM241,Mang may tinh,10:30 - 13:00,Lab B2,Thu 2
PHY242,Tri tue nhan tao,12:00 - 14:00,B201,Thu 4
HIST243,Lap trinh C++,08:00 - 11:00,D404,Chu nhat
CHEM244,Cau truc du lieu,13:30 - 15:00,B202,Thu 3
ECON245,He dieu hanh,18:00 - 19:30,B201,Thu 6
MATH246,Toan cao cap,13:00 - 14:30,Lab A1,Thu 6
ENG247,Tri tue nhan tao,10:30 - 12:00,D404,Thu 2
CS248,Vat ly dai cuong,07:30 - 10:00,B202,Thu 5
HIST249,Mang may tinh,13:30 - 15:00,A102,Thu 5
BIO250,Toan cao cap,11:00 - 14:00,C303,Thu 2
ECON251,Toan cao cap,16:00 - 19:00,Lab A1,Thu 3
PHY252,Cau truc du lieu,09:00 - 12:00,D404,Thu 2
CHEM253,Mang may tinh,11:30 - 14:30,D404,Thu 6
ENG254,He dieu hanh,08:30 - 11:00,A102,Thu 3
MATH255,Toan cao cap,11:00 - 13:00,A102,Thu 7
BIO256,Lap trinh C++,14:30 - 17:00,A101,Thu 6
CHEM257,Co so du lieu,07:00 - 09:30,Lab A1,Thu 6
CHEM258,Vat ly dai cuong,10:30 - 12:30,A102,Chu nhat
CHEM259,Tri tue nhan tao,18:30 - 21:00,A102,Thu 2
CHEM260,Mang may tinh,16:30 - 19:30,C303,Thu 5
MATH261,Toan cao cap,16:30 - 19:00,B201,Thu 6
IT262,Lap trinh C++,11:30 - 13:30,C303,Thu 5
HIST263,Tri tue nhan tao,17:30 - 20:00,A102,Thu 7
PHY264,Tieng Anh chuyen nganh,16:00 - 17:30,Lab A1,Thu 4
HIST265,Cau truc du lieu,14:00 - 17:00,C303,Chu nhat
IT266,Toan cao cap,14:00 - 16:30,B202,Thu 5
MATH267,Toan cao cap,12:30 - 14:00,C303,Thu 5
IT268,Tieng Anh chuyen nganh,16:00 - 18:00,A102,Thu 4
IT269,Lap trinh C++,14:00 - 17:00,A102,Thu 7
CHEM270,Nhap mon lap trinh,07:30 - 09:30,A101,Thu 5
HIST271,Vat ly dai cuong,12:30 - 14:00,B201,Thu 7
ECON272,Tieng Anh chuyen nganh,10:30 - 12:00,A101,Thu 2
ENG273,Tieng Anh chuyen nganh,11:30 - 14:30,B201,Chu nhat
BIO274,Tieng Anh chuyen nganh,18:00 - 20:30,Lab B2,Thu 3
CHEM275,He dieu hanh,15:00 - 16:30,B202,Thu 7
BIO276,Toan cao cap,12:30 - 15:00,A101,Thu 6
ENG277,Vat ly dai cuong,16:00 - 18:30,B201,Thu 2
ENG278,Cau truc du lieu,11:30 - 13:00,B202,Thu 2
CS279,Toan cao cap,12:00 - 14:00,A101,Thu 7
IT280,Toan cao cap,07:30 - 10:30,A102,Thu 5
ENG281,Cau truc du lieu,10:30 - 13:00,D404,Thu 5
HIST282,Co so du lieu,16:00 - 17:30,Lab B2,Thu 6
PHY283,Vat ly dai cuong,16:00 - 18:00,B202,Thu 2
ENG284,Cau truc du lieu,11:30 - 13:30,C303,Thu 6
IT285,Tieng Anh chuyen nganh,16:00 - 17:30,D404,Thu 2
PHY286,Mang may tinh,07:00 - 10:00,Lab A1,Thu 5
HIST287,Tieng Anh chuyen nganh,14:00 - 16:30,B202,Thu 5
HIST288,Mang may tinh,11:30 - 14:00,Lab B2,Thu 7
ECON289,He dieu hanh,16:30 - 18:00,D404,Thu 6
ECON290,Toan cao cap,10:00 - 12:30,B202,Thu 7
ENG291,Toan cao cap,10:30 - 13:30,A101,Thu 7
HIST292,Cau truc du lieu,15:00 - 17:00,A101,Thu 6
HIST293,Lap trinh C++,16:00 - 17:30,C303,Thu 4
ENG294,Vat ly dai cuong,11:00 - 12:30,C303,Thu 2
PHY295,Nhap mon lap trinh,08:00 - 11:00,B202,Thu 2
MATH296,He dieu hanh,09:30 - 11:30,D404,Thu 5
CS297,He dieu hanh,09:30 - 11:30,B202,Thu 3
ECON298,Tri tue nhan tao,17:30 - 19:00,A101,Thu 4
CHEM299,Tieng Anh chuyen nganh,10:30 - 12:30,A101,Thu 6
CHEM300,Toan cao cap,14:30 - 17:30,D404,Thu 7
PHY301,Mang may tinh,16:30 - 19:00,D404,Thu 3
CHEM302,Toan cao cap,07:00 - 10:00,Lab A1,Chu nhat
MATH303,Vat ly dai cuong,17:30 - 20:00,A101,Thu 2
MATH304,Tri tue nhan tao,10:00 - 13:00,A102,Chu nhat
ECON305,Cau truc du lieu,15:30 - 18:00,Lab A1,Thu 2
PHY306,Nhap mon lap trinh,09:30 - 11:30,Lab A1,Chu nhat
CHEM307,Nhap mon lap trinh,11:30 - 13:00,Lab A1,Thu 6
HIST308,Vat ly dai cuong,11:30 - 14:30,B202,Thu 6
IT309,Toan cao cap,14:30 - 16:00,D404,Thu 6
IT310,Co so du lieu,15:00 - 17:00,Lab A1,Thu 6
CS311,Tri tue nhan tao,09:30 - 12:00,A101,Thu 7
MATH312,Nhap mon lap trinh,15:30 - 17:30,A101,Thu 7
ECON313,Tri tue nhan tao,16:30 - 19:00,D404,Thu 2
ENG314,Mang may tinh,10:30 - 13:00,C303,Thu 3
CHEM315,Toan cao cap,09:00 - 10:30,Lab B2,Chu nhat
PHY316,Vat ly dai cuong,12:30 - 14:30,Lab A1,Thu 2
ENG317,Cau truc du lieu,15:30 - 18:30,B202,Thu 2
MATH318,Tieng Anh chuyen nganh,16:00 - 19:00,C303,Thu 7
PHY319,Tieng Anh chuyen nganh,13:30 - 15:30,A102,Chu nhat
ECON320,He dieu hanh,08:00 - 10:30,C303,Thu 6
ENG321,Mang may tinh,17:30 - 20:00,Lab A1,Thu 3
ENG322,Tieng Anh chuyen nganh,18:00 - 20:30,D404,Chu nhat
ECON323,Tieng Anh chuyen nganh,13:00 - 15:00,A102,Chu nhat
CS324,Vat ly dai cuong,13:30 - 15:30,Lab A1,Thu 5
BIO325,Co so du lieu,11:30 - 14:00,B202,Thu 5
ECON326,Tieng Anh chuyen nganh,14:30 - 16:30,B202,Thu 7
IT327,Co so du lieu,12:00 - 14:00,Lab A1,Thu 5
CHEM328,Mang may tinh,12:30 - 15:30,D404,Thu 5
PHY329,Lap trinh C++,16:00 - 18:30,C303,Thu 5
IT330,Toan cao cap,18:00 - 19:30,Lab A1,Thu 5
IT331,Co so du lieu,17:00 - 19:00,D404,Thu 2
BIO332,Toan cao cap,07:00 - 10:00,C303,Chu nhat
ENG333,Tri tue nhan tao,12:00 - 13:30,A102,Thu 4
ECON334,Mang may tinh,15:30 - 17:00,B202,Chu nhat
ENG335,He dieu hanh,11:30 - 14:00,B201,Thu 4
CS336,He dieu hanh,17:00 - 20:00,C303,Thu 2
IT337,He dieu hanh,08:30 - 11:00,B201,Thu 3
HIST338,Lap trinh C++,17:00 - 19:30,B202,Thu 7
HIST339,Co so du lieu,13:30 - 16:00,B202,Thu 6
MATH340,Tri tue nhan tao,10:00 - 11:30,A102,Thu 6
MATH341,Toan cao cap,18:30 - 21:00,B201,Thu 6
ECON342,Tieng Anh chuyen nganh,15:00 - 17:30,B201,Thu 4
ECON343,Tri tue nhan tao,16:00 - 19:00,D404,Thu 5
CHEM344,Mang may tinh,18:00 - 19:30,B202,Thu 3
CHEM345,Vat ly dai cuong,12:30 - 15:30,C303,Thu 5
PHY346,Lap trinh C++,10:30 - 12:30,Lab A1,Chu nhat
ECON347,Mang may tinh,13:30 - 15:00,C303,Thu 7
IT348,Vat ly dai cuong,14:00 - 16:30,D404,Thu 4
HIST349,Lap trinh C++,17:30 - 20:00,D404,Thu 2
BIO350,Co so du lieu,10:30 - 12:00,Lab A1,Thu 6
MATH351,Vat ly dai cuong,17:00 - 18:30,Lab B2,Thu 3
BIO352,Tieng Anh chuyen nganh,18:30 - 20:30,B202,Thu 5
IT353,Co so du lieu,12:00 - 15:00,C303,Thu 7
BIO354,Lap trinh C++,16:00 - 18:00,Lab A1,Thu 4
IT355,He dieu hanh,11:30 - 13:00,Lab B2,Chu nhat
HIST356,Nhap mon lap trinh,14:00 - 15:30,B202,Thu 4
PHY357,Tieng Anh chuyen nganh,10:30 - 13:30,D404,Thu 7
CS358,Mang may tinh,11:00 - 12:30,D404,Thu 3
PHY359,Vat ly dai cuong,18:00 - 20:00,D404,Thu 7
PHY360,Cau truc du lieu,10:00 - 12:00,Lab A1,Thu 2
PHY361,Tri tue nhan tao,18:30 - 21:30,C303,Thu 5
CHEM362,Mang may tinh,08:00 - 10:00,B202,Thu 5
ECON363,He dieu hanh,16:30 - 19:00,A102,Thu 6
CS364,Mang may tinh,17:00 - 18:30,C303,Thu 6
BIO365,Tieng Anh chuyen nganh,12:00 - 14:00,A102,Thu 5
ECON366,He dieu hanh,13:30 - 15:00,Lab A1,Thu 4
CHEM367,Co so du lieu,17:00 - 19:30,B202,Thu 6
ECON368,Cau truc du lieu,08:00 - 09:30,C303,Thu 7
CHEM369,Cau truc du lieu,11:30 - 13:00,Lab A1,Chu nhat
PHY370,He dieu hanh,11:30 - 13:30,A102,Thu 7
CS371,Nhap mon lap trinh,13:30 - 16:30,A102,Thu 4
BIO372,Vat ly dai cuong,07:00 - 10:00,A101,Chu nhat
PHY373,Toan cao cap,18:30 - 20:30,A101,Chu nhat
ECON374,Nhap mon lap trinh,13:00 - 16:00,Lab A1,Thu 5
HIST375,Mang may tinh,09:00 - 10:30,B202,Thu 7
ECON376,Tri tue nhan tao,12:30 - 14:00,Lab B2,Thu 7
MATH377,Tieng Anh chuyen nganh,12:30 - 14:00,Lab B2,Thu 3
HIST378,Toan cao cap,16:30 - 18:30,B202,Chu nhat
CHEM379,Cau truc du lieu,10:00 - 12:00,Lab B2,Chu nhat
ECON380,Vat ly dai cuong,08:30 - 10:00,D404,Thu 6
CHEM381,Tri tue nhan tao,11:30 - 14:00,D404,Thu 5
PHY382,He dieu hanh,15:00 - 17:30,Lab A1,Thu 6
BIO383,Lap trinh C++,16:30 - 19:30,B202,Thu 4
PHY384,Toan cao cap,17:30 - 19:30,B201,Thu 6
PHY385,He dieu hanh,14:00 - 17:00,B201,Thu 5
ECON386,Co so du lieu,10:00 - 12:00,Lab A1,Thu 6
CS387,He dieu hanh,09:30 - 12:00,Lab B2,Thu 3
CHEM388,Tieng Anh chuyen nganh,15:30 - 17:30,C303,Chu nhat
PHY389,Nhap mon lap trinh,11:00 - 12:30,D404,Chu nhat
ECON390,Tieng Anh chuyen nganh,09:30 - 12:00,C303,Thu 3
IT391,Lap trinh C++,11:30 - 13:00,Lab A1,Chu nhat
CHEM392,Lap trinh C++,14:00 - 17:00,D404,Thu 4
MATH393,Tri tue nhan tao,16:30 - 19:00,Lab A1,Thu 3
IT394,Vat ly dai cuong,13:30 - 16:00,B201,Thu 4
BIO395,Lap trinh C++,13:30 - 15:30,B202,Thu 3
CHEM396,Vat ly dai cuong,09:30 - 12:30,Lab B2,Thu 5
ECON397,Mang may tinh,10:30 - 13:30,B202,Thu 5
IT398,He dieu hanh,14:00 - 16:00,Lab B2,Thu 5
MATH399,Nhap mon lap trinh,09:30 - 12:00,A101,Thu 5
CHEM400,Tieng Anh chuyen nganh,14:00 - 16:00,A101,Thu 6
ENG401,Nhap mon lap trinh,18:30 - 21:00,B201,Thu 4
ECON402,Lap trinh C++,10:00 - 11:30,A102,Thu 4
MATH403,Tieng Anh chuyen nganh,18:30 - 21:30,B202,Thu 6
BIO404,Tri tue nhan tao,07:30 - 10:00,B202,Thu 3
IT405,Toan cao cap,12:30 - 15:00,B201,Thu 4
ECON406,Vat ly dai cuong,11:30 - 14:00,B202,Thu 6
IT407,Cau truc du lieu,16:00 - 17:30,B201,Thu 2
ENG408,Nhap mon lap trinh,12:30 - 15:30,B201,Thu 3
MATH409,Vat ly dai cuong,10:00 - 12:00,B201,Thu 7
IT410,Vat ly dai cuong,12:00 - 14:00,B202,Thu 7
MATH411,Cau truc du lieu,09:00 - 11:30,Lab B2,Thu 7
CS412,Mang may tinh,15:30 - 18:30,C303,Thu 4
MATH413,Tri tue nhan tao,14:30 - 17:30,B201,Thu 5
CS414,Nhap mon lap trinh,13:00 - 15:30,A102,Thu 5
PHY415,Lap trinh C++,17:30 - 20:00,B202,Thu 3
ECON416,He dieu hanh,09:00 - 11:00,Lab B2,Chu nhat
ENG417,He dieu hanh,17:00 - 18:30,A102,Thu 3
ECON418,Tri tue nhan tao,09:00 - 10:30,B201,Thu 5
CS419,Toan cao cap,08:30 - 11:00,A101,Thu 6
PHY420,Nhap mon lap trinh,13:00 - 15:30,A102,Thu 5
ECON421,He dieu hanh,07:30 - 10:30,D404,Thu 7
MATH422,Cau truc du lieu,12:00 - 14:30,A101,Thu 5
PHY423,Lap trinh C++,07:00 - 09:00,B202,Thu 3
HIST424,Nhap mon lap trinh,15:00 - 18:00,D404,Thu 5
HIST425,Co so du lieu,09:00 - 11:30,Lab B2,Thu 4
PHY426,Toan cao cap,14:30 - 16:30,B202,Thu 7
PHY427,Nhap mon lap trinh,15:30 - 17:30,A101,Thu 7
PHY428,Lap trinh C++,13:00 - 14:30,D404,Thu 6
MATH429,Tri tue nhan tao,13:30 - 16:30,B201,Thu 2
ECON430,Nhap mon lap trinh,14:30 - 17:30,B202,Chu nhat
IT431,Cau truc du lieu,17:00 - 20:00,B201,Thu 4
CS432,Tri tue nhan tao,12:30 - 15:30,A102,Thu 5
IT433,Mang may tinh,17:30 - 20:30,A101,Thu 4
PHY434,Tieng Anh chuyen nganh,10:30 - 12:30,D404,Thu 4
PHY435,Mang may tinh,15:00 - 17:00,B202,Chu nhat
MATH436,Toan cao cap,18:30 - 21:30,B202,Thu 4
CS437,Cau truc du lieu,13:30 - 16:30,D404,Thu 3
ECON438,He dieu hanh,10:00 - 12:00,D404,Thu 2
PHY439,Tri tue nhan tao,09:00 - 12:00,B202,Thu 3
HIST440,Co so du lieu,13:30 - 15:30,Lab A1,Thu 5
BIO441,Cau truc du lieu,18:00 - 20:00,D404,Thu 7
ECON442,He dieu hanh,17:00 - 19:00,D404,Thu 7
IT443,Tieng Anh chuyen nganh,07:30 - 10:00,B201,Thu 5
CS444,Lap trinh C++,13:30 - 16:00,B202,Thu 7
MATH445,Lap trinh C++,14:00 - 16:00,B202,Thu 4
ECON446,Tri tue nhan tao,07:30 - 09:30,Lab A1,Thu 7
CHEM447,Mang may tinh,14:30 - 17:00,C303,Thu 3
PHY448,Co so du lieu,11:00 - 14:00,A101,Thu 5
PHY449,Mang may tinh,13:30 - 15:00,Lab B2,Chu nhat
CS450,Tri tue nhan tao,08:00 - 10:30,C303,Thu 7
CHEM451,Nhap mon lap trinh,14:30 - 17:00,A101,Thu 2
MATH452,Tieng Anh chuyen nganh,15:30 - 18:00,B201,Thu 4
ENG453,Cau truc du lieu,17:30 - 20:00,C303,Thu 4
BIO454,Nhap mon lap trinh,12:00 - 15:00,A102,Thu 4
CHEM455,Co so du lieu,07:00 - 09:30,B202,Chu nhat
PHY456,Tri tue nhan tao,11:30 - 14:00,B201,Thu 3
PHY457,Vat ly dai cuong,09:30 - 12:00,D404,Thu 6
PHY458,Toan cao cap,15:00 - 18:00,C303,Thu 6
ENG459,He dieu hanh,08:30 - 10:30,B202,Thu 2
ECON460,Mang may tinh,10:30 - 12:00,D404,Thu 2
HIST461,Lap trinh C++,13:30 - 16:30,Lab A1,Thu 2
CS462,Toan cao cap,07:00 - 09:30,Lab B2,Thu 5
HIST463,Cau truc du lieu,11:00 - 12:30,Lab A1,Thu 3
CS464,Toan cao cap,09:00 - 11:00,B202,Chu nhat
CS465,Tri tue nhan tao,09:00 - 12:00,Lab B2,Thu 2
PHY466,Vat ly dai cuong,11:00 - 13:30,B201,Thu 2
ENG467,Toan cao cap,08:30 - 10:00,Lab B2,Thu 3
IT468,Tieng Anh chuyen nganh,14:30 - 17:00,Lab B2,Thu 7
ECON469,Toan cao cap,07:00 - 10:00,C303,Thu 4
CHEM470,Lap trinh C++,09:00 - 11:00,A101,Thu 5
ECON471,Tri tue nhan tao,16:00 - 18:30,B202,Thu 7
MATH472,Cau truc du lieu,14:00 - 16:30,B201,Thu 5
CS473,Tri tue nhan tao,08:30 - 10:30,Lab B2,Thu 2
IT474,Mang may tinh,15:30 - 18:30,B201,Thu 5
HIST475,Nhap mon lap trinh,07:30 - 09:00,B202,Thu 4
MATH476,Nhap mon lap trinh,11:00 - 13:30,C303,Chu nhat
CS477,Mang may tinh,15:00 - 17:00,Lab B2,Thu 3
CS478,He dieu hanh,16:30 - 19:30,A102,Thu 3
CS479,Cau truc du lieu,15:00 - 16:30,Lab A1,Thu 5
IT480,He dieu hanh,18:30 - 21:30,Lab B2,Thu 5
HIST481,Tieng Anh chuyen nganh,12:00 - 13:30,A102,Thu 4
ENG482,Tieng Anh chuyen nganh,13:00 - 15:00,A101,Thu 3
MATH483,Tri tue nhan tao,10:00 - 13:00,B202,Thu 2
BIO484,Vat ly dai cuong,09:00 - 10:30,Lab A1,Chu nhat
MATH485,Mang may tinh,09:30 - 12:00,A102,Thu 4
IT486,Toan cao cap,16:30 - 18:00,A102,Chu nhat
CHEM487,Cau truc du lieu,17:30 - 20:30,B202,Thu 5
PHY488,Co so du lieu,16:30 - 18:30,D404,Thu 7
CS489,He dieu hanh,16:30 - 19:00,D404,Thu 5
BIO490,Tri tue nhan tao,09:00 - 12:00,Lab A1,Thu 4
CS491,Lap trinh C++,07:30 - 09:00,Lab B2,Thu 5
MATH492,He dieu hanh,08:30 - 10:30,D404,Thu 4
ENG493,Co so du lieu,12:30 - 15:30,D404,Thu 7
CS494,Mang may tinh,13:30 - 15:00,Lab A1,Thu 3
MATH495,Nhap mon lap trinh,08:30 - 10:00,B201,Thu 6
ENG496,Co so du lieu,07:30 - 10:30,D404,Thu 2
IT497,Nhap mon lap trinh,08:00 - 11:00,C303,Thu 2
PHY498,Vat ly dai cuong,17:30 - 19:00,Lab B2,Thu 7
CS499,Tieng Anh chuyen nganh,14:00 - 16:00,B201,Thu 3
PHY500,Vat ly dai cuong,18:30 - 21:00,C303,Thu 3
BIO501,Mang may tinh,12:00 - 13:30,B202,Thu 3
ENG502,Vat ly dai cuong,08:30 - 11:00,A101,Thu 6
CHEM503,Lap trinh C++,08:00 - 10:00,D404,Thu 6
CS504,Tri tue nhan tao,12:00 - 14:30,Lab B2,Chu nhat
CHEM505,Cau truc du lieu,18:00 - 20:30,C303,Thu 2
MATH506,Cau truc du lieu,10:30 - 12:00,C303,Thu 7
ECON507,Cau truc du lieu,17:00 - 19:30,A101,Thu 2
MATH508,Cau truc du lieu,08:30 - 11:30,Lab A1,Thu 2
CHEM509,Nhap mon lap trinh,17:30 - 19:00,C303,Thu 7
PHY510,Toan cao cap,13:00 - 15:00,Lab B2,Thu 4
MATH511,Tri tue nhan tao,17:00 - 19:00,D404,Thu 3
CS512,Mang may tinh,08:30 - 11:30,Lab B2,Thu 7
PHY513,Toan cao cap,08:00 - 10:00,Lab A1,Chu nhat
BIO514,Lap trinh C++,10:00 - 12:30,D404,Thu 6
HIST515,Cau truc du lieu,15:30 - 17:00,A102,Thu 4
CHEM516,Tri tue nhan tao,14:30 - 16:00,A102,Thu 6
CHEM517,Tieng Anh chuyen nganh,09:00 - 11:30,Lab B2,Chu nhat
CS518,He dieu hanh,10:00 - 13:00,Lab A1,Thu 3
HIST519,Cau truc du lieu,17:00 - 19:00,B201,Thu 3
CHEM520,He dieu hanh,15:00 - 17:00,Lab A1,Thu 5
IT521,Cau truc du lieu,09:30 - 11:30,Lab A1,Thu 2
MATH522,Lap trinh C++,07:00 - 09:30,A102,Thu 3
ECON523,Lap trinh C++,15:00 - 17:30,B201,Thu 3
BIO524,Cau truc du lieu,10:00 - 12:00,Lab B2,Thu 6
BIO525,He dieu hanh,09:30 - 12:30,Lab B2,Thu 2
HIST526,Co so du lieu,15:00 - 16:30,Lab B2,Thu 6
CHEM527,Nhap mon lap trinh,14:30 - 16:30,C303,Thu 2
MATH528,Co so du lieu,12:00 - 14:30,B202,Thu 5
ENG529,Lap trinh C++,16:00 - 18:30,C303,Thu 6
BIO530,Vat ly dai cuong,07:30 - 09:30,D404,Thu 7
MATH531,Tieng Anh chuyen nganh,17:00 - 20:00,Lab A1,Thu 5
CHEM532,He dieu hanh,08:00 - 10:00,D404,Thu 3
ECON533,Vat ly dai cuong,07:30 - 10:30,B202,Chu nhat
CS534,Toan cao cap,14:00 - 16:00,A101,Chu nhat
BIO535,Co so du lieu,08:30 - 10:00,Lab B2,Chu nhat
HIST536,Mang may tinh,10:00 - 13:00,D404,Thu 3
BIO537,Tieng Anh chuyen nganh,08:00 - 10:30,B202,Thu 6
CHEM538,Vat ly dai cuong,17:00 - 18:30,B202,Thu 4
MATH539,Lap trinh C++,08:30 - 11:30,Lab B2,Thu 7
ENG540,Co so du lieu,07:30 - 09:00,Lab B2,Chu nhat
BIO541,Nhap mon lap trinh,11:30 - 13:00,A101,Thu 4
PHY542,Nhap mon lap trinh,18:00 - 20:00,C303,Thu 7
PHY543,Co so du lieu,10:00 - 11:30,B202,Thu 4
CHEM544,Nhap mon lap trinh,09:00 - 11:30,Lab B2,Chu nhat
ECON545,Toan cao cap,10:30 - 12:00,A101,Thu 4
BIO546,Mang may tinh,07:30 - 09:00,B201,Thu 6
CS547,Mang may tinh,18:30 - 20:00,D404,Chu nhat
BIO548,Lap trinh C++,17:00 - 19:00,B202,Thu 6
MATH549,He dieu hanh,14:00 - 17:00,A102,Thu 4
PHY550,Tri tue nhan tao,14:00 - 15:30,Lab A1,Thu 6
ECON551,Mang may tinh,11:00 - 13:30,D404,Thu 3
ENG552,Lap trinh C++,07:00 - 08:30,B201,Thu 4
IT553,Tri tue nhan tao,14:00 - 16:00,B202,Thu 7
BIO554,Co so du lieu,14:30 - 17:30,Lab B2,Thu 6
ECON555,Toan cao cap,08:30 - 10:30,C303,Chu nhat
ECON556,He dieu hanh,10:00 - 12:00,D404,Thu 3
BIO557,He dieu hanh,16:30 - 19:00,A101,Thu 7
HIST558,Toan cao cap,15:00 - 17:00,C303,Chu nhat
ECON559,Co so du lieu,08:30 - 10:00,A101,Thu 2
MATH560,Mang may tinh,13:00 - 16:00,A102,Thu 7
CHEM561,Lap trinh C++,13:30 - 15:30,A102,Thu 2
ECON562,Co so du lieu,16:30 - 18:30,B201,Thu 3
CS563,Co so du lieu,18:30 - 20:00,C303,Chu nhat
PHY564,Mang may tinh,14:30 - 17:30,C303,Thu 5
HIST565,Nhap mon lap trinh,17:00 - 18:30,Lab B2,Thu 3
CHEM566,Toan cao cap,10:00 - 12:00,A102,Thu 7
CS567,Tri tue nhan tao,13:00 - 14:30,Lab B2,Thu 7
ENG568,Lap trinh C++,11:30 - 14:00,Lab A1,Chu nhat
IT569,Nhap mon lap trinh,12:30 - 15:30,Lab B2,Thu 6
CS570,Nhap mon lap trinh,18:00 - 21:00,A101,Thu 2
ECON571,Tieng Anh chuyen nganh,18:00 - 21:00,A102,Thu 7
HIST572,Tri tue nhan tao,17:30 - 20:00,B202,Thu 7
HIST573,Toan cao cap,08:00 - 10:30,Lab A1,Thu 7
BIO574,Lap trinh C++,11:00 - 13:30,Lab B2,Chu nhat
PHY575,Tri tue nhan tao,15:00 - 16:30,A101,Chu nhat
HIST576,Toan cao cap,13:00 - 16:00,Lab A1,Thu 2
HIST577,Toan cao cap,16:00 - 18:30,A102,Thu 2
CS578,Toan cao cap,09:30 - 12:00,Lab B2,Thu 6
IT579,Cau truc du lieu,07:00 - 08:30,Lab A1,Chu nhat
ECON580,Cau truc du lieu,07:00 - 08:30,Lab B2,Thu 5
CS581,Lap trinh C++,13:30 - 16:00,Lab B2,Thu 5
HIST582,Mang may tinh,10:30 - 13:00,C303,Thu 6
HIST583,Vat ly dai cuong,10:00 - 11:30,C303,Thu 5
CHEM584,Toan cao cap,11:30 - 14:00,A101,Thu 2
CHEM585,Vat ly dai cuong,14:30 - 17:30,Lab A1,Thu 6
CHEM586,Tri tue nhan tao,11:30 - 14:30,A101,Thu 4
CS587,Lap trinh C++,09:30 - 11:30,C303,Thu 5
HIST588,Co so du lieu,15:00 - 16:30,A102,Thu 7
ENG589,Co so du lieu,11:30 - 13:30,B202,Thu 4
ENG590,Cau truc du lieu,17:30 - 19:30,A102,Thu 6
IT591,Nhap mon lap trinh,12:30 - 15:30,Lab B2,Thu 6
IT592,Cau truc du lieu,16:30 - 19:30,A101,Thu 4
ENG593,Tri tue nhan tao,11:00 - 13:30,B201,Thu 2
BIO594,Nhap mon lap trinh,08:00 - 10:30,B201,Thu 5
MATH595,Vat ly dai cuong,12:30 - 14:00,Lab A1,Thu 2
ECON596,He dieu hanh,08:00 - 09:30,C303,Thu 5
PHY597,Lap trinh C++,12:00 - 15:00,C303,Thu 7
PHY598,Tieng Anh chuyen nganh,08:00 - 10:00,Lab A1,Thu 4
PHY599,Toan cao cap,17:30 - 19:00,D404,Thu 6
CS600,Nhap mon lap trinh,13:00 - 15:30,A101,Thu 5
PHY601,Lap trinh C++,18:30 - 20:30,B202,Thu 2
ECON602,Tieng Anh chuyen nganh,07:00 - 09:30,A102,Thu 5
MATH603,Nhap mon lap trinh,15:00 - 16:30,C303,Thu 7
IT604,Vat ly dai cuong,07:30 - 10:30,A101,Thu 5
PHY605,Tri tue nhan tao,17:00 - 20:00,D404,Thu 3
PHY606,Co so du lieu,16:00 - 18:30,D404,Chu nhat
MATH607,Nhap mon lap trinh,07:30 - 09:30,B202,Thu 5
CS608,He dieu hanh,17:00 - 20:00,D404,Thu 4
IT609,Tieng Anh chuyen nganh,08:00 - 09:30,Lab B2,Thu 4
CHEM610,Vat ly dai cuong,14:30 - 17:30,B202,Chu nhat
BIO611,Mang may tinh,08:00 - 09:30,C303,Chu nhat
ENG612,He dieu hanh,18:00 - 20:30,C303,Thu 3
HIST613,Lap trinh C++,07:30 - 10:30,A101,Thu 6
BIO614,He dieu hanh,12:30 - 15:30,Lab A1,Thu 6
MATH615,Nhap mon lap trinh,18:00 - 19:30,Lab A1,Thu 6
ECON616,Mang may tinh,18:30 - 21:30,C303,Chu nhat
CHEM617,Tieng Anh chuyen nganh,14:30 - 17:00,C303,Thu 3
CHEM618,Cau truc du lieu,15:30 - 18:00,A101,Thu 6
BIO619,Tri tue nhan tao,17:30 - 19:00,Lab B2,Thu 4
HIST620,Lap trinh C++,10:00 - 13:00,B202,Thu 2
CHEM621,Tieng Anh chuyen nganh,15:30 - 18:00,Lab B2,Thu 5
PHY622,Tri tue nhan tao,08:00 - 11:00,D404,Thu 7
HIST623,Toan cao cap,07:00 - 09:00,D404,Thu 3
BIO624,Toan cao cap,09:00 - 11:30,Lab A1,Thu 2
MATH625,He dieu hanh,07:30 - 10:00,Lab A1,Chu nhat
CS626,Mang may tinh,12:30 - 15:30,B201,Thu 5
MATH627,Cau truc du lieu,14:00 - 17:00,Lab A1,Thu 4
HIST628,Co so du lieu,09:00 - 12:00,Lab B2,Thu 2
MATH629,Vat ly dai cuong,14:30 - 16:00,D404,Thu 3
IT630,Co so du lieu,14:00 - 16:30,A101,Thu 7
CS631,He dieu hanh,10:30 - 13:00,A102,Thu 7
CS632,Mang may tinh,13:30 - 16:00,B201,Thu 4
BIO633,Tri tue nhan tao,16:00 - 19:00,A101,Thu 2
BIO634,Nhap mon lap trinh,17:30 - 19:30,Lab B2,Thu 6
CHEM635,Lap trinh C++,17:30 - 19:00,Lab A1,Thu 7
ENG636,Co so du lieu,17:30 - 20:30,A101,Chu nhat
ENG637,Lap trinh C++,11:30 - 14:00,B201,Thu 3
BIO638,Cau truc du lieu,15:00 - 16:30,B202,Thu 6
MATH639,Lap trinh C++,13:00 - 15:00,Lab A1,Thu 4
HIST640,He dieu hanh,18:30 - 20:30,B202,Thu 4
ECON641,Tri tue nhan tao,10:00 - 12:30,Lab A1,Chu nhat
HIST642,Tri tue nhan tao,14:30 - 16:30,D404,Thu 5
CHEM643,Tieng Anh chuyen nganh,10:30 - 12:30,C303,Thu 5
CS644,Mang may tinh,10:00 - 12:00,C303,Thu 6
ENG645,Co so du lieu,13:00 - 15:00,C303,Thu 7
CHEM646,Cau truc du lieu,08:30 - 11:00,B201,Thu 2
CS647,Mang may tinh,09:30 - 12:00,Lab A1,Thu 4
MATH648,Mang may tinh,10:00 - 13:00,A101,Thu 4
BIO649,Cau truc du lieu,17:30 - 20:00,A102,Thu 2
PHY650,He dieu hanh,07:30 - 09:00,Lab B2,Thu 5
CHEM651,Tri tue nhan tao,14:00 - 16:30,A102,Thu 2
CS652,Co so du lieu,17:30 - 20:30,Lab B2,Thu 2
MATH653,Nhap mon lap trinh,09:00 - 11:00,D404,Chu nhat
CHEM654,Tri tue nhan tao,15:00 - 17:30,B202,Thu 6
HIST655,Lap trinh C++,18:30 - 20:30,A101,Thu 7
MATH656,Lap trinh C++,07:00 - 10:00,B201,Thu 6
HIST657,Vat ly dai cuong,10:30 - 13:00,B201,Thu 2
CS658,Co so du lieu,16:30 - 19:30,B201,Chu nhat
ECON659,Mang may tinh,10:30 - 12:00,D404,Thu 7
ENG660,Cau truc du lieu,13:30 - 16:00,B201,Thu 4
CS661,Mang may tinh,14:00 - 15:30,Lab A1,Thu 7
HIST662,Cau truc du lieu,11:00 - 14:00,C303,Thu 3
MATH663,Tri tue nhan tao,09:00 - 11:00,C303,Thu 2
MATH664,Toan cao cap,13:30 - 16:30,A102,Thu 3
PHY665,Tieng Anh chuyen nganh,11:00 - 13:30,A101,Thu 4
CHEM666,Nhap mon lap trinh,18:00 - 19:30,D404,Chu nhat
PHY667,Co so du lieu,14:00 - 16:30,C303,Thu 3
HIST668,Tri tue nhan tao,10:30 - 13:00,C303,Thu 3
BIO669,Nhap mon lap trinh,10:00 - 13:00,B202,Thu 3
IT670,Nhap mon lap trinh,08:00 - 09:30,B202,Thu 7
PHY671,Tri tue nhan tao,12:30 - 15:30,C303,Chu nhat
CS672,Vat ly dai cuong,14:00 - 16:00,Lab B2,Thu 7
BIO673,Cau truc du lieu,17:30 - 20:30,B201,Thu 3
PHY674,Vat ly dai cuong,18:00 - 20:30,A101,Thu 7
BIO675,Co so du lieu,08:00 - 10:00,Lab B2,Thu 4
BIO676,Co so du lieu,17:00 - 20:00,B202,Chu nhat
BIO677,Lap trinh C++,09:30 - 12:30,B202,Thu 2
PHY678,Cau truc du lieu,07:30 - 09:00,D404,Chu nhat
CS679,Tieng Anh chuyen nganh,16:00 - 18:30,D404,Thu 4
IT680,Toan cao cap,09:30 - 11:00,Lab A1,Chu nhat
CHEM681,Toan cao cap,09:00 - 11:00,B202,Thu 3
ENG682,Vat ly dai cuong,14:30 - 16:30,B201,Thu 7
CHEM683,Cau truc du lieu,11:30 - 14:30,Lab B2,Thu 6
IT684,He dieu hanh,12:30 - 15:30,A101,Thu 3
HIST685,Mang may tinh,17:00 - 19:30,A101,Chu nhat
ENG686,He dieu hanh,10:30 - 12:30,A102,Thu 7
IT687,Mang may tinh,09:30 - 11:00,Lab B2,Thu 7
ECON688,Vat ly dai cuong,16:00 - 18:00,B202,Thu 2
CHEM689,Vat ly dai cuong,14:00 - 15:30,B201,Thu 4
CHEM690,He dieu hanh,18:30 - 21:00,A102,Thu 7
PHY691,Lap trinh C++,12:30 - 14:30,B202,Thu 3
MATH692,Lap trinh C++,14:30 - 16:30,A102,Chu nhat
IT693,Co so du lieu,14:00 - 16:30,Lab B2,Thu 4
CS694,Cau truc du lieu,16:30 - 18:30,D404,Chu nhat
ECON695,Co so du lieu,17:00 - 19:00,Lab B2,Thu 3
IT696,Mang may tinh,10:00 - 12:30,Lab A1,Thu 6
BIO697,Tri tue nhan tao,07:00 - 09:00,A102,Chu nhat
HIST698,Co so du lieu,17:30 - 19:30,B201,Thu 7
MATH699,Tieng Anh chuyen nganh,08:00 - 10:00,A101,Chu nhat
MATH700,Tieng Anh chuyen nganh,13:30 - 15:30,Lab A1,Thu 2
MATH701,Tri tue nhan tao,16:00 - 18:00,C303,Thu 2
CS702,Nhap mon lap trinh,09:00 - 10:30,A101,Thu 2
ENG703,Nhap mon lap trinh,13:00 - 16:00,A101,Thu 4
PHY704,Nhap mon lap trinh,14:00 - 16:30,A101,Chu nhat
IT705,Vat ly dai cuong,07:00 - 08:30,B202,Thu 3
CS706,Tieng Anh chuyen nganh,09:30 - 12:30,B201,Thu 7
ECON707,Nhap mon lap trinh,16:30 - 19:30,B201,Chu nhat
CS708,Co so du lieu,13:00 - 15:30,B201,Chu nhat
CS709,Toan cao cap,18:30 - 20:30,Lab B2,Thu 7
IT710,Vat ly dai cuong,17:30 - 19:00,Lab B2,Thu 3
CS711,Co so du lieu,10:00 - 13:00,B201,Thu 2
IT712,He dieu hanh,13:00 - 14:30,B201,Chu nhat
ENG713,Mang may tinh,08:00 - 10:30,A101,Thu 3
ECON714,Cau truc du lieu,07:30 - 10:30,A101,Thu 4
PHY715,Co so du lieu,13:30 - 15:30,A102,Thu 4
HIST716,Mang may tinh,11:30 - 13:00,Lab B2,Thu 6
MATH717,Tieng Anh chuyen nganh,17:30 - 19:00,B202,Thu 6
ENG718,Toan cao cap,14:00 - 16:30,A102,Thu 4
HIST719,Tieng Anh chuyen nganh,10:30 - 12:00,B202,Thu 4
CS720,Cau truc du lieu,16:30 - 18:00,A102,Thu 2
ECON721,Nhap mon lap trinh,10:00 - 12:30,C303,Thu 3
HIST722,Tieng Anh chuyen nganh,11:00 - 12:30,Lab B2,Thu 6
ECON723,Tri tue nhan tao,15:30 - 17:00,B201,Thu 5
CHEM724,Nhap mon lap trinh,09:00 - 11:30,B202,Thu 3
CS725,Tieng Anh chuyen nganh,07:00 - 08:30,Lab A1,Thu 2
PHY726,He dieu hanh,18:00 - 20:30,A102,Chu nhat
PHY727,Co so du lieu,07:00 - 08:30,A101,Thu 5
ECON728,Tri tue nhan tao,08:30 - 11:30,A101,Thu 4
ENG729,Mang may tinh,15:00 - 18:00,B202,Chu nhat
IT730,He dieu hanh,16:30 - 19:30,Lab A1,Thu 7
CHEM731,Vat ly dai cuong,17:30 - 19:00,Lab B2,Chu nhat
CS732,Mang may tinh,08:00 - 11:00,A101,Thu 7
PHY733,Toan cao cap,08:00 - 10:30,D404,Thu 6
CS734,Toan cao cap,18:00 - 19:30,B202,Thu 3
CS735,Toan cao cap,13:00 - 16:00,D404,Thu 7
BIO736,Cau truc du lieu,11:00 - 12:30,C303,Thu 2
ENG737,Tieng Anh chuyen nganh,15:00 - 16:30,Lab A1,Thu 3
ECON738,Toan cao cap,08:30 - 10:30,Lab A1,Chu nhat
CS739,Nhap mon lap trinh,08:00 - 10:00,Lab A1,Chu nhat
HIST740,Tieng Anh chuyen nganh,17:30 - 20:30,D404,Chu nhat
CS741,Cau truc du lieu,14:00 - 15:30,Lab B2,Thu 7
CS742,Lap trinh C++,12:00 - 14:30,C303,Thu 4
CHEM743,Cau truc du lieu,17:00 - 19:30,C303,Thu 2
BIO744,Vat ly dai cuong,07:30 - 10:30,A102,Thu 3
HIST745,Mang may tinh,08:00 - 10:00,Lab A1,Chu nhat
IT746,Cau truc du lieu,15:00 - 17:00,Lab A1,Thu 4
MATH747,Tri tue nhan tao,17:30 - 20:00,Lab A1,Thu 4
CHEM748,Vat ly dai cuong,13:30 - 15:30,C303,Thu 2
BIO749,Tri tue nhan tao,07:00 - 09:00,B202,Thu 3
CHEM750,Mang may tinh,18:00 - 21:00,A101,Thu 7
IT751,He dieu hanh,09:00 - 10:30,D404,Thu 6
MATH752,Tieng Anh chuyen nganh,14:00 - 17:00,B201,Chu nhat
BIO753,He dieu hanh,14:30 - 16:30,C303,Thu 4
IT754,Mang may tinh,11:30 - 14:30,B202,Thu 5
IT755,Tieng Anh chuyen nganh,10:30 - 12:30,C303,Thu 4
MATH756,Tieng Anh chuyen nganh,09:30 - 12:00,B202,Thu 7
ECON757,Vat ly dai cuong,12:00 - 14:30,Lab A1,Thu 7
ENG758,Vat ly dai cuong,10:30 - 12:30,D404,Thu 2
ECON759,Nhap mon lap trinh,12:30 - 14:00,A102,Thu 5
PHY760,Nhap mon lap trinh,12:30 - 15:30,Lab A1,Chu nhat
CHEM761,Tieng Anh chuyen nganh,07:00 - 09:00,C303,Thu 5
PHY762,Tieng Anh chuyen nganh,08:00 - 11:00,C303,Thu 5
BIO763,Tieng Anh chuyen nganh,12:00 - 13:30,B202,Thu 2
IT764,Tri tue nhan tao,08:30 - 11:30,C303,Thu 6
MATH765,Tri tue nhan tao,14:00 - 17:00,A101,Thu 7
MATH766,Lap trinh C++,09:30 - 12:30,Lab B2,Thu 6
ENG767,Tieng Anh chuyen nganh,15:00 - 16:30,C303,Chu nhat
ENG768,Toan cao cap,15:30 - 18:00,B201,Thu 4
IT769,Tri tue nhan tao,17:00 - 20:00,C303,Chu nhat
CS770,Nhap mon lap trinh,15:00 - 16:30,D404,Thu 2
IT771,Lap trinh C++,14:00 - 15:30,C303,Thu 6
ECON772,Nhap mon lap trinh,14:30 - 16:30,Lab A1,Thu 3
CHEM773,Toan cao cap,18:00 - 19:30,B201,Thu 6
CS774,Toan cao cap,15:30 - 17:00,B202,Thu 5
CS775,Nhap mon lap trinh,14:30 - 17:30,A102,Thu 5
MATH776,Co so du lieu,12:30 - 14:30,B201,Thu 4
MATH777,Toan cao cap,14:00 - 16:00,C303,Thu 4
PHY778,Nhap mon lap trinh,09:30 - 11:30,Lab B2,Thu 6
CHEM779,Nhap mon lap trinh,09:00 - 12:00,C303,Thu 4
BIO780,Lap trinh C++,07:30 - 10:00,C303,Thu 6
ECON781,Co so du lieu,14:00 - 17:00,Lab A1,Thu 2
PHY782,Cau truc du lieu,12:30 - 14:00,D404,Thu 6
HIST783,Toan cao cap,14:30 - 16:00,A102,Thu 6
ECON784,Lap trinh C++,17:30 - 20:30,C303,Thu 6
CS785,Lap trinh C++,09:30 - 11:30,Lab B2,Thu 6
CS786,Cau truc du lieu,08:30 - 11:30,Lab A1,Thu 2
PHY787,He dieu hanh,11:00 - 12:30,A102,Thu 2
CHEM788,Cau truc du lieu,09:30 - 11:00,Lab A1,Thu 5
ENG789,Nhap mon lap trinh,14:30 - 16:30,Lab A1,Thu 7
CHEM790,Co so du lieu,17:00 - 18:30,B202,Thu 3
IT791,Nhap mon lap trinh,18:30 - 20:30,B201,Thu 5
HIST792,Mang may tinh,15:00 - 17:30,A102,Thu 2
BIO793,Co so du lieu,13:00 - 15:00,B201,Thu 4
ENG794,Mang may tinh,09:00 - 12:00,B201,Thu 4
HIST795,Mang may tinh,15:00 - 16:30,B201,Thu 6
ECON796,Nhap mon lap trinh,10:30 - 13:30,Lab A1,Thu 5
MATH797,Co so du lieu,08:30 - 10:00,C303,Chu nhat
IT798,Mang may tinh,13:30 - 16:00,Lab B2,Chu nhat
ENG799,Tieng Anh chuyen nganh,12:30 - 15:00,A102,Thu 7
BIO800,Lap trinh C++,08:30 - 10:00,B201,Chu nhat
ENG801,Tieng Anh chuyen nganh,15:00 - 18:00,B202,Thu 2
CS802,Tieng Anh chuyen nganh,10:00 - 11:30,D404,Chu nhat
CS803,Co so du lieu,10:00 - 12:00,A101,Chu nhat
PHY804,Mang may tinh,17:00 - 18:30,B201,Thu 6
CS805,Nhap mon lap trinh,17:30 - 20:30,B201,Thu 6
MATH806,Vat ly dai cuong,14:30 - 16:00,A101,Thu 2
ENG807,Toan cao cap,17:30 - 19:30,B201,Thu 2
CS808,Mang may tinh,10:00 - 13:00,Lab A1,Thu 5
MATH809,He dieu hanh,08:00 - 09:30,B202,Thu 4
BIO810,He dieu hanh,13:30 - 15:00,B202,Thu 6
PHY811,Lap trinh C++,15:00 - 18:00,A101,Thu 4
CS812,He dieu hanh,07:00 - 08:30,B201,Chu nhat
BIO813,Toan cao cap,15:30 - 18:30,Lab A1,Chu nhat
PHY814,Mang may tinh,09:30 - 12:00,B202,Thu 4
CS815,Tieng Anh chuyen nganh,13:00 - 16:00,Lab A1,Thu 7
HIST816,He dieu hanh,16:30 - 18:30,Lab A1,Thu 6
CS817,Cau truc du lieu,14:00 - 16:00,A101,Thu 7
MATH818,Tri tue nhan tao,11:30 - 14:00,Lab B2,Thu 6
BIO819,Toan cao cap,17:00 - 19:00,Lab A1,Thu 5
PHY820,Toan cao cap,18:30 - 21:30,D404,Chu nhat
ECON821,Nhap mon lap trinh,08:30 - 10:00,A101,Chu nhat
CHEM822,Vat ly dai cuong,18:30 - 20:00,D404,Thu 7
PHY823,Tieng Anh chuyen nganh,13:00 - 15:30,D404,Chu nhat
CS824,He dieu hanh,08:00 - 09:30,Lab A1,Chu nhat
IT825,Cau truc du lieu,18:00 - 21:00,Lab A1,Thu 3
ENG826,Lap trinh C++,18:00 - 20:00,C303,Thu 7
ECON827,Lap trinh C++,09:00 - 12:00,A101,Thu 3
ECON828,Cau truc du lieu,13:00 - 16:00,A101,Thu 4
BIO829,Co so du lieu,09:30 - 12:00,B202,Thu 7
BIO830,Nhap mon lap trinh,18:30 - 21:30,A102,Thu 3
HIST831,Mang may tinh,07:30 - 10:30,Lab A1,Thu 4
CS832,He dieu hanh,08:00 - 09:30,Lab B2,Thu 4
HIST833,Cau truc du lieu,10:30 - 13:00,Lab B2,Thu 2
ECON834,Cau truc du lieu,12:00 - 14:00,A102,Thu 3
ECON835,Vat ly dai cuong,08:00 - 10:30,Lab A1,Chu nhat
BIO836,Co so du lieu,11:30 - 14:00,C303,Thu 7
HIST837,Tieng Anh chuyen nganh,12:30 - 14:30,A102,Thu 2
CS838,Vat ly dai cuong,17:00 - 20:00,C303,Thu 3
HIST839,Cau truc du lieu,09:30 - 11:00,B202,Thu 6
ENG840,Lap trinh C++,13:00 - 15:00,B201,Thu 6
HIST841,Tieng Anh chuyen nganh,16:00 - 18:30,D404,Chu nhat
IT842,Lap trinh C++,09:30 - 12:00,D404,Thu 5
ENG843,Co so du lieu,15:30 - 17:30,Lab A1,Thu 5
CHEM844,Mang may tinh,18:00 - 20:00,D404,Chu nhat
IT845,Nhap mon lap trinh,16:30 - 19:30,B201,Thu 5
ECON846,Lap trinh C++,17:00 - 18:30,Lab B2,Thu 5
CS847,He dieu hanh,17:00 - 18:30,A102,Thu 6
ENG848,Lap trinh C++,09:00 - 11:30,Lab A1,Chu nhat
IT849,Toan cao cap,18:00 - 19:30,Lab A1,Chu nhat
ENG850,Nhap mon lap trinh,10:30 - 12:30,Lab A1,Thu 3
IT851,Co so du lieu,17:00 - 19:00,A102,Thu 2
ENG852,Tieng Anh chuyen nganh,08:30 - 10:00,Lab A1,Thu 4
CS853,Toan cao cap,08:30 - 10:30,Lab B2,Thu 7
PHY854,Co so du lieu,08:00 - 09:30,B202,Thu 5
ECON855,Lap trinh C++,15:00 - 16:30,Lab B2,Thu 3
ENG856,Toan cao cap,12:30 - 14:00,D404,Thu 6
CHEM857,Nhap mon lap trinh,13:00 - 15:00,Lab A1,Thu 2
MATH858,He dieu hanh,10:00 - 12:00,A101,Thu 6
MATH859,Tieng Anh chuyen nganh,11:30 - 14:00,C303,Thu 3
HIST860,Mang may tinh,16:30 - 18:00,B201,Thu 3
HIST861,Toan cao cap,08:00 - 10:00,C303,Chu nhat
IT862,Nhap mon lap trinh,18:00 - 20:30,Lab A1,Thu 2
ENG863,Vat ly dai cuong,17:00 - 18:30,A102,Thu 6
IT864,Vat ly dai cuong,13:00 - 15:30,C303,Thu 5
CS865,Co so du lieu,09:30 - 12:30,B202,Thu 4
MATH866,Toan cao cap,07:00 - 08:30,A101,Thu 2
ENG867,Cau truc du lieu,07:30 - 09:00,B202,Thu 7
MATH868,He dieu hanh,15:30 - 17:00,Lab B2,Chu nhat
MATH869,Toan cao cap,15:00 - 16:30,Lab B2,Thu 2
ECON870,Mang may tinh,17:30 - 20:00,B202,Thu 4
ENG871,Lap trinh C++,17:30 - 19:30,D404,Chu nhat
IT872,Mang may tinh,11:30 - 14:30,D404,Thu 7
PHY873,Cau truc du lieu,14:00 - 17:00,C303,Thu 5
ENG874,Nhap mon lap trinh,10:30 - 12:00,Lab B2,Thu 4
ECON875,Toan cao cap,12:00 - 14:00,Lab B2,Thu 7
ENG876,Co so du lieu,15:00 - 18:00,C303,Thu 6
ECON877,Tri tue nhan tao,16:30 - 19:00,Lab A1,Thu 6
HIST878,Lap trinh C++,07:30 - 10:30,B202,Thu 7
CHEM879,Nhap mon lap trinh,16:30 - 19:30,B202,Thu 4
CS880,Mang may tinh,18:00 - 21:00,B201,Thu 7
CS881,Vat ly dai cuong,17:30 - 19:30,A102,Thu 3
ECON882,He dieu hanh,16:30 - 18:00,D404,Thu 4
IT883,Co so du lieu,17:00 - 19:00,C303,Thu 6
CS884,Tieng Anh chuyen nganh,11:30 - 14:30,Lab B2,Thu 5
IT885,Co so du lieu,14:00 - 17:00,A102,Thu 6
MATH886,Co so du lieu,14:00 - 15:30,D404,Thu 2
IT887,Cau truc du lieu,15:00 - 17:00,A102,Thu 5
PHY888,Co so du lieu,07:00 - 10:00,A101,Thu 2
IT889,Toan cao cap,07:30 - 09:00,B202,Thu 4
ECON890,He dieu hanh,17:30 - 20:30,A102,Thu 6
CHEM891,Lap trinh C++,15:30 - 18:30,A101,Chu nhat
HIST892,Co so du lieu,10:00 - 12:00,Lab B2,Chu nhat
PHY893,Nhap mon lap trinh,15:30 - 17:00,Lab A1,Thu 5
CS894,Mang may tinh,08:30 - 10:00,B202,Thu 5
CHEM895,Co so du lieu,17:30 - 20:30,Lab B2,Thu 2
HIST896,Toan cao cap,18:30 - 21:30,D404,Thu 2
PHY897,He dieu hanh,17:30 - 19:00,D404,Chu nhat
BIO898,Mang may tinh,18:00 - 20:30,C303,Thu 6
CS899,Vat ly dai cuong,13:00 - 15:00,D404,Thu 7
PHY900,He dieu hanh,11:30 - 13:30,B201,Thu 6
MATH901,Tri tue nhan tao,08:00 - 10:30,Lab B2,Thu 6
MATH902,Mang may tinh,16:30 - 18:30,D404,Thu 2
ECON903,Cau truc du lieu,12:30 - 14:30,A102,Thu 7
ENG904,He dieu hanh,08:00 - 10:00,A101,Thu 7
BIO905,Lap trinh C++,15:30 - 18:30,B202,Thu 7
BIO906,Co so du lieu,13:00 - 15:30,B201,Thu 7
BIO907,Lap trinh C++,17:30 - 20:30,C303,Thu 7
HIST908,Tieng Anh chuyen nganh,16:00 - 18:00,C303,Thu 3
HIST909,Mang may tinh,09:00 - 11:30,D404,Thu 5
MATH910,Nhap mon lap trinh,13:30 - 15:30,D404,Thu 2
ENG911,Toan cao cap,13:30 - 16:00,A101,Thu 6
PHY912,Mang may tinh,09:00 - 11:00,A102,Thu 4
ECON913,He dieu hanh,17:00 - 18:30,C303,Thu 7
CHEM914,Mang may tinh,15:30 - 17:30,D404,Thu 5
IT915,Toan cao cap,18:30 - 20:30,A101,Thu 7
MATH916,Lap trinh C++,14:30 - 16:30,Lab A1,Thu 4
MATH917,Toan cao cap,11:00 - 12:30,A102,Thu 3
ENG918,Toan cao cap,14:30 - 16:00,A102,Thu 3
CHEM919,Mang may tinh,16:30 - 18:30,B202,Thu 6
HIST920,Lap trinh C++,17:00 - 18:30,A101,Thu 3
MATH921,He dieu hanh,10:30 - 12:30,A102,Chu nhat
HIST922,Lap trinh C++,15:30 - 18:30,A102,Thu 5
ECON923,Vat ly dai cuong,07:30 - 09:00,Lab B2,Chu nhat
ECON924,Cau truc du lieu,15:30 - 17:00,Lab B2,Thu 5
ECON925,Tri tue nhan tao,07:00 - 09:30,C303,Thu 7
ENG926,Tri tue nhan tao,16:00 - 17:30,Lab A1,Thu 5
ENG927,He dieu hanh,08:30 - 10:30,C303,Thu 6
CHEM928,Co so du lieu,18:30 - 21:00,B202,Chu nhat
ECON929,He dieu hanh,07:00 - 09:30,Lab B2,Thu 2
MATH930,Tieng Anh chuyen nganh,10:00 - 12:30,Lab B2,Thu 5
HIST931,Tieng Anh chuyen nganh,13:30 - 16:00,Lab B2,Thu 6
ECON932,Cau truc du lieu,09:00 - 11:30,Lab A1,Thu 5
CHEM933,Tieng Anh chuyen nganh,07:00 - 08:30,A101,Thu 2
ENG934,Cau truc du lieu,15:30 - 18:00,D404,Chu nhat
CHEM935,Tieng Anh chuyen nganh,15:00 - 18:00,C303,Thu 3
HIST936,Tieng Anh chuyen nganh,13:00 - 14:30,A101,Thu 4
CHEM937,Vat ly dai cuong,08:00 - 10:00,C303,Thu 2
CHEM938,Toan cao cap,10:30 - 12:30,Lab B2,Thu 6
ENG939,Mang may tinh,09:30 - 12:00,Lab B2,Thu 7
ENG940,Tri tue nhan tao,17:30 - 20:30,D404,Thu 5
ENG941,Mang may tinh,14:00 - 16:00,C303,Thu 4
IT942,Tri tue nhan tao,15:00 - 18:00,A102,Chu nhat
PHY943,Tieng Anh chuyen nganh,10:30 - 13:00,C303,Thu 4
CHEM944,He dieu hanh,17:00 - 19:00,Lab A1,Thu 2
MATH945,Vat ly dai cuong,08:00 - 09:30,A102,Thu 5
ECON946,Cau truc du lieu,10:30 - 12:30,D404,Thu 5
PHY947,Tieng Anh chuyen nganh,08:30 - 11:00,A102,Thu 2
CHEM948,Co so du lieu,10:00 - 13:00,C303,Thu 2
HIST949,He dieu hanh,16:00 - 17:30,Lab B2,Chu nhat
CHEM950,Nhap mon lap trinh,08:00 - 10:00,Lab A1,Thu 3
CHEM951,Tri tue nhan tao,16:00 - 18:30,C303,Thu 3
BIO952,Tieng Anh chuyen nganh,18:00 - 20:30,D404,Thu 7
CS953,Toan cao cap,10:00 - 11:30,Lab A1,Thu 7
PHY954,Tri tue nhan tao,07:30 - 10:30,B202,Thu 7
BIO955,Tri tue nhan tao,17:30 - 19:30,C303,Thu 2
CHEM956,He dieu hanh,14:00 - 15:30,A101,Thu 7
IT957,Lap trinh C++,17:00 - 19:30,D404,Chu nhat
CS958,Toan cao cap,08:30 - 10:00,D404,Thu 2
IT959,He dieu hanh,07:30 - 10:30,A101,Thu 7
IT960,Nhap mon lap trinh,08:30 - 10:00,C303,Thu 2
IT961,Cau truc du lieu,15:30 - 17:30,A101,Thu 2
ECON962,Lap trinh C++,16:00 - 19:00,D404,Thu 7
MATH963,Vat ly dai cuong,09:00 - 11:00,B201,Thu 7
CHEM964,Mang may tinh,15:30 - 17:00,B201,Thu 2
MATH965,Tri tue nhan tao,15:30 - 17:30,A102,Thu 7
CHEM966,Vat ly dai cuong,07:30 - 10:30,D404,Thu 6
ENG967,Tri tue nhan tao,10:30 - 12:30,A101,Thu 6
HIST968,Tri tue nhan tao,13:00 - 15:00,Lab B2,Thu 7
PHY969,Co so du lieu,16:00 - 18:30,C303,Thu 2
BIO970,Toan cao cap,18:00 - 19:30,A101,Thu 4
IT971,He dieu hanh,14:30 - 17:30,Lab A1,Thu 6
HIST972,Toan cao cap,14:00 - 16:00,Lab B2,Thu 4
PHY973,Vat ly dai cuong,07:00 - 09:00,B202,Thu 4
ECON974,Vat ly dai cuong,07:00 - 09:30,C303,Chu nhat
PHY975,Nhap mon lap trinh,13:30 - 15:30,A101,Thu 7
ECON976,Cau truc du lieu,17:00 - 19:30,A101,Thu 6
CHEM977,Tri tue nhan tao,11:30 - 14:00,A102,Thu 2
CHEM978,Nhap mon lap trinh,18:00 - 20:30,A102,Thu 2
ENG979,Co so du lieu,07:30 - 10:30,C303,Thu 7
CS980,Lap trinh C++,13:30 - 15:30,C303,Thu 6
CHEM981,Tieng Anh chuyen nganh,18:30 - 20:30,B201,Thu 3
CS982,Mang may tinh,16:00 - 18:00,Lab A1,Thu 5
PHY983,Tri tue nhan tao,18:00 - 21:00,A102,Chu nhat
MATH984,He dieu hanh,08:30 - 11:00,A102,Thu 2
IT985,Vat ly dai cuong,10:30 - 13:00,D404,Thu 5
PHY986,Nhap mon lap trinh,10:30 - 12:30,Lab A1,Chu nhat
CS987,Nhap mon lap trinh,17:00 - 19:30,A101,Thu 4
PHY988,Tieng Anh chuyen nganh,18:30 - 20:30,Lab A1,Thu 2
IT989,Tri tue nhan tao,11:30 - 14:30,D404,Thu 7
PHY990,Co so du lieu,11:00 - 13:00,Lab B2,Thu 7
ECON991,Vat ly dai cuong,11:30 - 13:00,B202,Thu 6
HIST992,Mang may tinh,13:30 - 15:30,B201,Thu 4
IT993,Nhap mon lap trinh,16:30 - 19:00,Lab B2,Thu 6
BIO994,He dieu hanh,08:30 - 11:30,A101,Thu 7
HIST995,Co so du lieu,12:00 - 14:00,A102,Thu 7
IT996,Nhap mon lap trinh,09:00 - 11:30,Lab B2,Thu 2
MATH997,Vat ly dai cuong,11:00 - 12:30,A101,Thu 4
ECON998,Tieng Anh chuyen nganh,08:30 - 11:30,A101,Thu 7
ENG999,Tieng Anh chuyen nganh,11:30 - 14:00,A102,Thu 5
